model,accuracy_mean,accuracy_std,precision_mean,recall_mean,f1_mean,roc_auc_mean,ap_mean,ap_std,fit_time_mean,search_time_s,best_params
LightGBM,0.9660788359523929,0.00410393461867341,0.9139499039180101,0.567343976777939,0.698206160134691,0.9566579775475846,0.7908953727901759,0.038121370613603524,0.9593462467193603,10.741880679001042,"{""model__num_leaves"": 15}"
XGBoost,0.9623390902665229,0.0029821589168768548,0.8888924701424703,0.5287373004354137,0.6607011345069878,0.949244154166688,0.7725416732156497,0.03974066062421948,1.4089645862579345,5.46775364000132,"{""model__max_depth"": 5}"
Gradient Boosting,0.9604685034591576,0.006691613635707639,0.8764445458550018,0.5021044992743106,0.6363822384623093,0.9307498532770406,0.7223923536777053,0.05225976690171215,9.249643182754516,41.1543297850003,"{""model__learning_rate"": 0.05}"
Random Forest,0.9503198560647709,0.005239019178643957,0.8232806324110673,0.371988388969521,0.5084662906258394,0.9191350476161345,0.6441144892712698,0.06459824254276574,2.284058427810669,11.16878150499906,"{""model__max_depth"": null}"
SVM,0.9489854565445549,0.002843712797220227,0.9389705882352942,0.2874455732946299,0.439677571223168,0.852525174726009,0.5874705666999354,0.019748201419454242,0.2893535137176514,3.5131960449980397,"{""model__C"": 2.0}"
"MLP (64, 32)",0.9508556863697052,0.004722117562774687,0.8596297954918644,0.3607402031930334,0.4990636790636791,0.8633491552747469,0.5675225564599292,0.05614646484567317,0.7612773418426514,4.015847844002565,"{""model__alpha"": 0.001}"
Logistic Regression,0.9500524763856264,0.0038455144908653314,0.7618873080942047,0.41777939042089984,0.538530834550061,0.875752401025594,0.5598314878778471,0.042323487870483754,0.21483001708984376,4.0698384790011914,"{""model__C"": 10.0}"
"MLP (64, 32, 16)",0.9487159349721196,0.0046196312478921685,0.7866459627329192,0.3640058055152394,0.4906892230576442,0.8651395665612126,0.556599155874436,0.06500853298851449,0.8544455528259277,5.12293989599857,"{""model__alpha"": 0.01}"
kNN,0.9521904428721362,0.002718317628431417,0.8593177387914229,0.37939042089985486,0.5241321409231593,0.8374503357846818,0.5370466494034801,0.0295353710477966,0.05030832290649414,2.0825457770006324,"{""model__n_neighbors"": 11}"
MLP (32),0.9479180797212683,0.006078137534943337,0.7708783959274842,0.3717706821480406,0.4989066862212157,0.851433037093632,0.5192284757691742,0.05330172992535063,0.4461824893951416,2.8407499009990715,"{""model__alpha"": 0.01}"
Decision Tree,0.9492535501881296,0.004837387795815272,0.7402792237002763,0.4406386066763425,0.5480202971191777,0.812971984881333,0.48836641831152283,0.02358435459961934,0.15199403762817382,1.3803738150018035,"{""model__max_depth"": 6}"
